title,abstract,authors,year,doi,pmid,keywords,journal
"Neural Networks for Protein Structure Prediction","Deep learning methods have revolutionized protein structure prediction. We present a novel neural network architecture that combines convolutional and recurrent layers to predict tertiary protein structures from amino acid sequences. Our approach achieves state-of-the-art accuracy on benchmark datasets.","Smith J; Johnson K; Williams M",2023,10.1234/protein.2023.001,12345678,"neural networks;protein folding;deep learning;structure prediction","Nature Methods"
"Biomimetic Materials for Tissue Engineering","Nature-inspired materials show promise for regenerative medicine. This study explores biomimetic scaffolds that mimic the extracellular matrix. We developed polymer composites with hierarchical structures similar to natural bone tissue. In vitro tests demonstrate enhanced cell adhesion and proliferation.","Chen L; Rodriguez A; Patel S",2023,10.1234/biomim.2023.002,12345679,"biomimetic;tissue engineering;scaffolds;regenerative medicine;polymer composites","Advanced Materials"
"Machine Learning in Drug Discovery","Computational approaches accelerate pharmaceutical development. We applied machine learning algorithms to predict drug-target interactions. Our random forest model identifies potential drug candidates with 85% accuracy. This methodology reduces experimental screening costs significantly.","Brown T; Davis R; Martinez E",2022,10.1234/drug.2022.003,12345680,"machine learning;drug discovery;computational chemistry;pharmaceuticals","Journal of Medicinal Chemistry"
"Quantum Computing Applications in Materials Science","Quantum algorithms offer advantages for materials simulation. We demonstrate quantum computing methods for calculating molecular properties. Our approach shows exponential speedup compared to classical algorithms. Results suggest potential for designing novel materials with desired properties.","Anderson P; White J; Taylor K",2023,10.1234/quantum.2023.004,12345681,"quantum computing;materials science;molecular simulation;algorithms","Physical Review Letters"
"CRISPR Gene Editing for Neurodegenerative Diseases","Gene therapy holds promise for treating neurological disorders. This research applies CRISPR-Cas9 to correct mutations in Huntington's disease models. We achieved targeted gene editing in neuronal cells with minimal off-target effects. Animal studies show significant symptom improvement.","Garcia M; Lee S; Thompson R",2023,10.1234/crispr.2023.005,12345682,"CRISPR;gene editing;neurodegeneration;Huntington disease;gene therapy","Science Translational Medicine"
"Artificial Intelligence in Medical Imaging","Deep learning transforms medical diagnosis through image analysis. We developed convolutional neural networks for detecting tumors in MRI scans. Our model achieves 94% sensitivity and 92% specificity. This AI-assisted approach could improve early cancer detection rates.","Wilson C; Moore H; Jackson P",2022,10.1234/medimg.2022.006,12345683,"artificial intelligence;medical imaging;CNN;tumor detection;MRI","Radiology"
"Graphene-based Sensors for Environmental Monitoring","Novel nanomaterials enable sensitive environmental detection. We fabricated graphene oxide sensors for detecting water pollutants. The devices show parts-per-billion sensitivity for heavy metals. Field tests demonstrate practical applications in water quality monitoring.","Kumar A; Singh R; Nguyen T",2023,10.1234/graphene.2023.007,12345684,"graphene;sensors;environmental monitoring;nanomaterials;water quality","ACS Nano"
"Microbiome Influence on Mental Health","Gut-brain axis research reveals new therapeutic targets. This longitudinal study examines microbiome composition in depression patients. We identified specific bacterial strains correlated with mood disorders. Probiotic interventions show preliminary efficacy in clinical trials.","Peterson D; Zhang Y; Miller J",2023,10.1234/microbiome.2023.008,12345685,"microbiome;mental health;gut-brain axis;probiotics;depression","Nature Microbiology"
"Renewable Energy Storage Using Flow Batteries","Sustainable energy requires efficient storage solutions. We designed novel flow battery chemistries using earth-abundant materials. Our system achieves 80% round-trip efficiency with 10000 cycle stability. Cost analysis shows competitive advantages over lithium-ion batteries.","Nelson B; Foster G; Campbell L",2022,10.1234/battery.2022.009,12345686,"renewable energy;flow batteries;energy storage;sustainable technology","Energy & Environmental Science"
"Synthetic Biology for Biofuel Production","Engineered microorganisms offer sustainable fuel alternatives. We genetically modified bacteria to produce high-yield biodiesel from waste materials. Metabolic pathway optimization increased production by 300%. This approach could reduce dependence on fossil fuels.","Roberts E; Phillips K; Adams M",2023,10.1234/synbio.2023.010,12345687,"synthetic biology;biofuels;metabolic engineering;sustainability;biodiesel","Metabolic Engineering"
"Neuroplasticity and Learning Enhancement","Brain plasticity mechanisms underlie cognitive improvement. This study investigates neuroplasticity in adult learners using fMRI. We observed structural changes in hippocampal regions during skill acquisition. Results inform educational strategies for optimal learning.","Mitchell S; Clark D; Turner V",2023,10.1234/neuro.2023.011,12345688,"neuroplasticity;learning;fMRI;hippocampus;cognitive neuroscience","Nature Neuroscience"
"Carbon Capture Using Metal-Organic Frameworks","Climate change mitigation requires CO2 removal technologies. We synthesized metal-organic frameworks with exceptional carbon capture capacity. Materials show selective CO2 adsorption and easy regeneration. Scalability analysis suggests industrial applications are feasible.","Hughes R; Bell A; Cooper J",2023,10.1234/carbon.2023.012,12345689,"carbon capture;metal-organic frameworks;climate change;CO2 adsorption;MOF","Chemical Reviews"
"Optogenetics for Neural Circuit Mapping","Light-activated proteins enable precise neural control. This research uses optogenetics to map reward circuits in the brain. We identified specific neuronal populations involved in motivation and addiction. Findings provide new targets for treating substance abuse disorders.","Wright K; Green B; Hill C",2022,10.1234/opto.2022.013,12345690,"optogenetics;neural circuits;reward system;neuroscience;addiction","Cell"
"Biodegradable Plastics from Bacterial Cellulose","Sustainable materials reduce environmental plastic pollution. We developed biodegradable polymers from bacterial cellulose. Materials exhibit mechanical properties comparable to conventional plastics. Degradation studies show complete breakdown in 90 days under composting conditions.","Stewart M; Ward T; Russell N",2023,10.1234/bioplast.2023.014,12345691,"biodegradable plastics;bacterial cellulose;sustainable materials;polymers;environmental science","Green Chemistry"
"Immunotherapy for Cancer Treatment","Immune system activation enhances tumor destruction. This clinical trial evaluates checkpoint inhibitors combined with CAR-T therapy. Combination treatment achieved 70% complete response rate in refractory cancers. Adverse effects were manageable with supportive care.","Patterson L; Murphy F; Barnes O",2023,10.1234/immuno.2023.015,12345692,"immunotherapy;cancer treatment;CAR-T;checkpoint inhibitors;oncology","New England Journal of Medicine"